{"dsgdb9nsd_017732": [[0,1,0,0,0,0,1,0,1,1,0,0,0,0],
                      [1,0,1,0,0,0,0,0,0,0,0,0,0,0],
                      [0,1,0,1,0,0,0,1,0,0,1,0,0,0],
                      [0,0,1,0,1,0,1,0,0,0,0,1,0,0],
                      [0,0,0,1,0,1,0,1,0,0,0,0,1,0],
                      [0,0,0,0,1,0,1,0,0,0,0,0,0,0],
                      [1,0,0,1,0,1,0,1,0,0,0,0,0,0],
                      [0,0,1,0,1,0,1,0,0,0,0,0,0,1],
                      [1,0,0,0,0,0,0,0,0,0,0,0,0,0],
                      [1,0,0,0,0,0,0,0,0,0,0,0,0,0],
                      [0,0,1,0,0,0,0,0,0,0,0,0,0,0],
                      [0,0,0,1,0,0,0,0,0,0,0,0,0,0],
                      [0,0,0,0,1,0,0,0,0,0,0,0,0,0],
                      [0,0,0,0,0,0,0,1,0,0,0,0,0,0]],
"dsgdb9nsd_037494": [[0,1,0,1,0,0,0,0,0,1,1,0,0,0,0,0],
                     [1,0,1,0,0,0,0,0,1,0,0,1,0,0,0,0],
                     [0,1,0,1,0,0,1,0,0,0,0,0,1,0,0,0],
                     [1,0,1,0,1,0,0,0,0,0,0,0,0,1,0,0],
                     [0,0,0,1,0,1,0,0,1,0,0,0,0,0,1,0],
                     [0,0,0,0,1,0,2,0,0,0,0,0,0,0,0,0],
                     [0,0,1,0,0,2,0,1,0,0,0,0,0,0,0,0],
                     [0,0,0,0,0,0,1,0,1,0,0,0,0,0,0,0],
                     [0,1,0,0,1,0,0,1,0,0,0,0,0,0,0,1],
                     [1,0,0,0,0,0,0,0,0,0,0,0,0,0,0,0],
                     [1,0,0,0,0,0,0,0,0,0,0,0,0,0,0,0],
                     [0,1,0,0,0,0,0,0,0,0,0,0,0,0,0,0],
                     [0,0,1,0,0,0,0,0,0,0,0,0,0,0,0,0],
                     [0,0,0,1,0,0,0,0,0,0,0,0,0,0,0,0],
                     [0,0,0,0,1,0,0,0,0,0,0,0,0,0,0,0],
                     [0,0,0,0,0,0,0,0,1,0,0,0,0,0,0,0]],
"dsgdb9nsd_037900": [[0,1,0,0,0,0,0,1,0,1,1,0,0,0,0,0,0],
                     [1,0,1,0,0,0,0,0,0,0,0,0,0,0,0,0,0],
                     [0,1,0,1,0,0,0,0,1,0,0,1,0,0,0,0,0],
                     [0,0,1,0,1,0,0,0,0,0,0,0,1,1,0,0,0],
                     [0,0,0,1,0,1,0,1,0,0,0,0,0,0,1,0,0],
                     [0,0,0,0,1,0,1,0,1,0,0,0,0,0,0,1,0],
                     [0,0,0,0,0,1,0,1,0,0,0,0,0,0,0,0,0],
                     [1,0,0,0,1,0,1,0,1,0,0,0,0,0,0,0,0],
                     [0,0,1,0,0,1,0,1,0,0,0,0,0,0,0,0,1],
                     [1,0,0,0,0,0,0,0,0,0,0,0,0,0,0,0,0],
                     [1,0,0,0,0,0,0,0,0,0,0,0,0,0,0,0,0],
                     [0,0,1,0,0,0,0,0,0,0,0,0,0,0,0,0,0],
                     [0,0,0,1,0,0,0,0,0,0,0,0,0,0,0,0,0],
                     [0,0,0,1,0,0,0,0,0,0,0,0,0,0,0,0,0],
                     [0,0,0,0,1,0,0,0,0,0,0,0,0,0,0,0,0],
                     [0,0,0,0,0,1,0,0,0,0,0,0,0,0,0,0,0],
                     [0,0,0,0,0,0,0,0,1,0,0,0,0,0,0,0,0]],
"dsgdb9nsd_042676": [[0,2,0,0,0,0,0,0,0,0,0,0],
                     [2,0,1,0,0,0,0,0,1,0,0,0],
                     [0,1,0,1,0,1,0,0,0,1,0,0],
                     [0,0,1,0,1,0,0,0,1,0,1,0],
                     [0,0,0,1,0,1,0,0,0,0,0,0],
                     [0,0,1,0,1,0,1,0,1,0,0,0],
                     [0,0,0,0,0,1,0,3,0,0,0,0],
                     [0,0,0,0,0,0,3,0,0,0,0,0],
                     [0,1,0,1,0,1,0,0,0,0,0,1],
                     [0,0,1,0,0,0,0,0,0,0,0,0],
                     [0,0,0,1,0,0,0,0,0,0,0,0],
                     [0,0,0,0,0,0,0,0,1,0,0,0]],
"dsgdb9nsd_042681": [[0,2,0,0,0,0,0,0,0,0,0,0,0],
                     [2,0,1,0,0,0,0,1,0,0,0,0,0],
                     [0,1,0,1,0,1,0,0,0,1,0,0,0],
                     [0,0,1,0,1,0,1,0,0,0,1,0,0],
                     [0,0,0,1,0,1,0,0,0,0,0,0,0],
                     [0,0,1,0,1,0,1,0,0,0,0,1,0],
                     [0,0,0,1,0,1,0,1,0,0,0,0,1],
                     [0,1,0,0,0,0,1,0,2,0,0,0,0],
                     [0,0,0,0,0,0,0,2,0,0,0,0,0],
                     [0,0,1,0,0,0,0,0,0,0,0,0,0],
                     [0,0,0,1,0,0,0,0,0,0,0,0,0],
                     [0,0,0,0,0,1,0,0,0,0,0,0,0],
                     [0,0,0,0,0,0,1,0,0,0,0,0,0]],
"dsgdb9nsd_044308": [[0,2,0,0,0,0,0,0,0,1,0,0,0,0],
                     [2,0,1,0,0,0,0,1,0,0,0,0,0,0],
                     [0,1,0,1,0,0,0,0,0,0,0,0,0,0],
                     [0,0,1,0,1,0,0,0,1,0,1,0,0,0],
                     [0,0,0,1,0,1,0,1,0,0,0,1,0,0],
                     [0,0,0,0,1,0,1,0,1,0,0,0,1,0],
                     [0,0,0,0,0,1,0,1,0,0,0,0,0,0],
                     [0,1,0,0,1,0,1,0,1,0,0,0,0,0],
                     [0,0,0,1,0,1,0,1,0,0,0,0,0,1],
                     [1,0,0,0,0,0,0,0,0,0,0,0,0,0],
                     [0,0,0,1,0,0,0,0,0,0,0,0,0,0],
                     [0,0,0,0,1,0,0,0,0,0,0,0,0,0],
                     [0,0,0,0,0,1,0,0,0,0,0,0,0,0],
                     [0,0,0,0,0,0,0,0,1,0,0,0,0,0]],
"dsgdb9nsd_044322": [[0,2,0,0,0,0,0,0,0,0,0,0,0],
                     [2,0,1,0,0,0,0,1,0,0,0,0,0],
                     [0,1,0,1,0,0,0,0,0,0,0,0,0],
                     [0,0,1,0,1,0,0,0,1,1,0,0,0],
                     [0,0,0,1,0,1,0,1,0,0,1,0,0],
                     [0,0,0,0,1,0,1,0,1,0,0,1,0],
                     [0,0,0,0,0,1,0,1,0,0,0,0,0],
                     [0,1,0,0,1,0,1,0,1,0,0,0,0],
                     [0,0,0,1,0,1,0,1,0,0,0,0,1],
                     [0,0,0,1,0,0,0,0,0,0,0,0,0],
                     [0,0,0,0,1,0,0,0,0,0,0,0,0],
                     [0,0,0,0,0,1,0,0,0,0,0,0,0],
                     [0,0,0,0,0,0,0,0,1,0,0,0,0]],
"dsgdb9nsd_048903": [[0,2,0,0,0,0,0,0,0,0,0,0,0],
                     [2,0,1,0,0,0,0,0,0,1,0,0,0],
                     [0,1,0,1,0,1,0,0,1,0,0,0,0],
                     [0,0,1,0,1,0,0,0,0,0,0,0,0],
                     [0,0,0,1,0,1,0,0,1,0,1,0,0],
                     [0,0,1,0,1,0,1,0,0,0,0,1,0],
                     [0,0,0,0,0,1,0,2,1,0,0,0,0],
                     [0,0,0,0,0,0,2,0,0,0,0,0,0],
                     [0,0,1,0,1,0,1,0,0,0,0,0,1],
                     [0,1,0,0,0,0,0,0,0,0,0,0,0],
                     [0,0,0,0,1,0,0,0,0,0,0,0,0],
                     [0,0,0,0,0,1,0,0,0,0,0,0,0],
                     [0,0,0,0,0,0,0,0,1,0,0,0,0]],
"dsgdb9nsd_066495": [[0,1,0,0,0,0,0,0,0,1,1,1,0,0,0],
                     [1,0,1,0,0,0,0,1,1,0,0,0,0,0,0],
                     [0,1,0,1,0,0,0,0,1,0,0,0,1,0,0],
                     [0,0,1,0,1,0,0,1,0,0,0,0,0,1,0],
                     [0,0,0,1,0,1,0,0,0,0,0,0,0,0,0],
                     [0,0,0,0,1,0,2,0,1,0,0,0,0,0,0],
                     [0,0,0,0,0,2,0,1,0,0,0,0,0,0,0],
                     [0,1,0,1,0,0,1,0,0,0,0,0,0,0,1],
                     [0,1,1,0,0,1,0,0,0,0,0,0,0,0,0],
                     [1,0,0,0,0,0,0,0,0,0,0,0,0,0,0],
                     [1,0,0,0,0,0,0,0,0,0,0,0,0,0,0],
                     [1,0,0,0,0,0,0,0,0,0,0,0,0,0,0],
                     [0,0,1,0,0,0,0,0,0,0,0,0,0,0,0],
                     [0,0,0,1,0,0,0,0,0,0,0,0,0,0,0],
                     [0,0,0,0,0,0,0,1,0,0,0,0,0,0,0]],
"dsgdb9nsd_067109": [[0,1,0,0,0,0,0,0,0,1,1,1,0,0,0,0,0],
                     [1,0,1,0,1,0,0,1,0,0,0,0,0,0,0,0,0],
                     [0,1,0,1,0,0,0,0,1,0,0,0,1,0,0,0,0],
                     [0,0,1,0,1,0,0,0,0,0,0,0,0,0,0,0,0],
                     [0,1,0,1,0,1,0,0,1,0,0,0,0,0,0,0,0],
                     [0,0,0,0,1,0,1,0,0,0,0,0,0,1,1,0,0],
                     [0,0,0,0,0,1,0,1,0,0,0,0,0,0,0,0,0],
                     [0,1,0,0,0,0,1,0,1,0,0,0,0,0,0,1,0],
                     [0,0,1,0,1,0,0,1,0,0,0,0,0,0,0,0,1],
                     [1,0,0,0,0,0,0,0,0,0,0,0,0,0,0,0,0],
                     [1,0,0,0,0,0,0,0,0,0,0,0,0,0,0,0,0],
                     [1,0,0,0,0,0,0,0,0,0,0,0,0,0,0,0,0],
                     [0,0,1,0,0,0,0,0,0,0,0,0,0,0,0,0,0],
                     [0,0,0,0,0,1,0,0,0,0,0,0,0,0,0,0,0],
                     [0,0,0,0,0,1,0,0,0,0,0,0,0,0,0,0,0],
                     [0,0,0,0,0,0,0,1,0,0,0,0,0,0,0,0,0],
                     [0,0,0,0,0,0,0,0,1,0,0,0,0,0,0,0,0]],
"dsgdb9nsd_073323": [[0,1,0,0,0,0,0,0,0,1,1,1,0,0,0,0,0],
                     [1,0,1,0,0,0,0,1,1,0,0,0,0,0,0,0,0],
                     [0,1,0,1,0,0,0,0,0,0,0,0,0,0,0,0,0],
                     [0,0,1,0,1,0,0,0,0,0,0,0,1,1,0,0,0],
                     [0,0,0,1,0,1,0,1,1,0,0,0,0,0,0,0,0],
                     [0,0,0,0,1,0,1,0,0,0,0,0,0,0,0,0,0],
                     [0,0,0,0,0,1,0,1,1,0,0,0,0,0,1,0,0],
                     [0,1,0,0,1,0,1,0,0,0,0,0,0,0,0,1,0],
                     [0,1,0,0,1,0,1,0,0,0,0,0,0,0,0,0,1],
                     [1,0,0,0,0,0,0,0,0,0,0,0,0,0,0,0,0],
                     [1,0,0,0,0,0,0,0,0,0,0,0,0,0,0,0,0],
                     [1,0,0,0,0,0,0,0,0,0,0,0,0,0,0,0,0],
                     [0,0,0,1,0,0,0,0,0,0,0,0,0,0,0,0,0],
                     [0,0,0,1,0,0,0,0,0,0,0,0,0,0,0,0,0],
                     [0,0,0,0,0,0,1,0,0,0,0,0,0,0,0,0,0],
                     [0,0,0,0,0,0,0,1,0,0,0,0,0,0,0,0,0],
                     [0,0,0,0,0,0,0,0,1,0,0,0,0,0,0,0,0]],
"dsgdb9nsd_090191": [[0,1,0,0,0,0,0,0,0,1,1,1,0,0,0,0,0,0],
                     [1,0,1,0,0,0,0,1,0,0,0,0,0,0,0,0,0,0],
                     [0,1,0,1,0,0,0,0,0,0,0,0,1,1,0,0,0,0],
                     [0,0,1,0,1,0,1,0,1,0,0,0,0,0,0,0,0,0],
                     [0,0,0,1,0,1,0,0,0,0,0,0,0,0,0,0,0,0],
                     [0,0,0,0,1,0,1,0,1,0,0,0,0,0,1,0,0,0],
                     [0,0,0,1,0,1,0,1,0,0,0,0,0,0,0,1,0,0],
                     [0,1,0,0,0,0,1,0,1,0,0,0,0,0,0,0,1,0],
                     [0,0,0,1,0,1,0,1,0,0,0,0,0,0,0,0,0,1],
                     [1,0,0,0,0,0,0,0,0,0,0,0,0,0,0,0,0,0],
                     [1,0,0,0,0,0,0,0,0,0,0,0,0,0,0,0,0,0],
                     [1,0,0,0,0,0,0,0,0,0,0,0,0,0,0,0,0,0],
                     [0,0,1,0,0,0,0,0,0,0,0,0,0,0,0,0,0,0],
                     [0,0,1,0,0,0,0,0,0,0,0,0,0,0,0,0,0,0],
                     [0,0,0,0,0,1,0,0,0,0,0,0,0,0,0,0,0,0],
                     [0,0,0,0,0,0,1,0,0,0,0,0,0,0,0,0,0,0],
                     [0,0,0,0,0,0,0,1,0,0,0,0,0,0,0,0,0,0],
                     [0,0,0,0,0,0,0,0,1,0,0,0,0,0,0,0,0,0]],
"dsgdb9nsd_090838": [[0,1,0,0,0,0,0,0,0,1,1,1,0,0,0,0,0],
                     [1,0,1,0,0,0,0,1,0,0,0,0,1,0,0,0,0],
                     [0,1,0,1,0,0,0,0,0,0,0,0,0,0,0,0,0],
                     [0,0,1,0,1,0,0,0,1,0,0,0,0,1,0,0,0],
                     [0,0,0,1,0,1,0,1,0,0,0,0,0,0,1,0,0],
                     [0,0,0,0,1,0,1,0,1,0,0,0,0,0,0,1,0],
                     [0,0,0,0,0,1,0,1,0,0,0,0,0,0,0,0,0],
                     [0,1,0,0,1,0,1,0,1,0,0,0,0,0,0,0,0],
                     [0,0,0,1,0,1,0,1,0,0,0,0,0,0,0,0,1],
                     [1,0,0,0,0,0,0,0,0,0,0,0,0,0,0,0,0],
                     [1,0,0,0,0,0,0,0,0,0,0,0,0,0,0,0,0],
                     [1,0,0,0,0,0,0,0,0,0,0,0,0,0,0,0,0],
                     [0,1,0,0,0,0,0,0,0,0,0,0,0,0,0,0,0],
                     [0,0,0,1,0,0,0,0,0,0,0,0,0,0,0,0,0],
                     [0,0,0,0,1,0,0,0,0,0,0,0,0,0,0,0,0],
                     [0,0,0,0,0,1,0,0,0,0,0,0,0,0,0,0,0],
                     [0,0,0,0,0,0,0,0,1,0,0,0,0,0,0,0,0]],
"dsgdb9nsd_107870": [[0,1,0,0,0,0,0,0,0,1,0,0,0,0,0],
                     [1,0,1,0,0,0,0,0,0,0,1,1,0,0,0],
                     [0,1,0,1,0,1,0,0,1,0,0,0,0,0,0],
                     [0,0,1,0,1,0,0,0,0,0,0,0,0,0,0],
                     [0,0,0,1,0,1,0,0,1,0,0,0,1,0,0],
                     [0,0,1,0,1,0,1,0,0,0,0,0,0,1,0],
                     [0,0,0,0,0,1,0,2,1,0,0,0,0,0,0],
                     [0,0,0,0,0,0,2,0,0,0,0,0,0,0,0],
                     [0,0,1,0,1,0,1,0,0,0,0,0,0,0,1],
                     [1,0,0,0,0,0,0,0,0,0,0,0,0,0,0],
                     [0,1,0,0,0,0,0,0,0,0,0,0,0,0,0],
                     [0,1,0,0,0,0,0,0,0,0,0,0,0,0,0],
                     [0,0,0,0,1,0,0,0,0,0,0,0,0,0,0],
                     [0,0,0,0,0,1,0,0,0,0,0,0,0,0,0],
                     [0,0,0,0,0,0,0,0,1,0,0,0,0,0,0]],
"dsgdb9nsd_133831": [[0,1,0,0,0,0,0,0,0,1,1,1,0,0,0,0,0,0],
                     [1,0,1,1,0,0,1,0,0,0,0,0,0,0,0,0,0,0],
                     [0,1,0,1,0,0,0,0,1,0,0,0,1,0,0,0,0,0],
                     [0,1,1,0,1,0,0,0,0,0,0,0,0,0,0,0,0,0],
                     [0,0,0,1,0,1,0,0,1,0,0,0,0,1,0,0,0,0],
                     [0,0,0,0,1,0,1,0,0,0,0,0,0,0,1,1,0,0],
                     [0,1,0,0,0,1,0,1,0,0,0,0,0,0,0,0,1,0],
                     [0,0,0,0,0,0,1,0,2,0,0,0,0,0,0,0,0,1],
                     [0,0,1,0,1,0,0,2,0,0,0,0,0,0,0,0,0,0],
                     [1,0,0,0,0,0,0,0,0,0,0,0,0,0,0,0,0,0],
                     [1,0,0,0,0,0,0,0,0,0,0,0,0,0,0,0,0,0],
                     [1,0,0,0,0,0,0,0,0,0,0,0,0,0,0,0,0,0],
                     [0,0,1,0,0,0,0,0,0,0,0,0,0,0,0,0,0,0],
                     [0,0,0,0,1,0,0,0,0,0,0,0,0,0,0,0,0,0],
                     [0,0,0,0,0,1,0,0,0,0,0,0,0,0,0,0,0,0],
                     [0,0,0,0,0,1,0,0,0,0,0,0,0,0,0,0,0,0],
                     [0,0,0,0,0,0,1,0,0,0,0,0,0,0,0,0,0,0],
                     [0,0,0,0,0,0,0,1,0,0,0,0,0,0,0,0,0,0]],
"dsgdb9nsd_059827": [[0,1,0,0,0,0,0,0,0,0,1,1,1,0,0,0,0,0],
                     [1,0,1,1,1,0,0,0,0,0,0,0,0,0,0,0,0,0],
                     [0,1,0,0,0,0,0,0,0,0,0,0,0,0,0,0,0,0],
                     [0,1,0,0,0,0,0,0,0,0,0,0,0,1,1,1,0,0],
                     [0,1,0,0,0,1,0,0,0,0,0,0,0,0,0,0,1,1],
                     [0,0,0,0,1,0,3,0,0,0,0,0,0,0,0,0,0,0],
                     [0,0,0,0,0,3,0,1,0,0,0,0,0,0,0,0,0,0],
                     [0,0,0,0,0,0,1,0,1,2,0,0,0,0,0,0,0,0],
                     [0,0,0,0,0,0,0,1,0,0,0,0,0,0,0,0,0,0],
                     [0,0,0,0,0,0,0,2,0,0,0,0,0,0,0,0,0,0],
                     [1,0,0,0,0,0,0,0,0,0,0,0,0,0,0,0,0,0],
                     [1,0,0,0,0,0,0,0,0,0,0,0,0,0,0,0,0,0],
                     [1,0,0,0,0,0,0,0,0,0,0,0,0,0,0,0,0,0],
                     [0,0,0,1,0,0,0,0,0,0,0,0,0,0,0,0,0,0],
                     [0,0,0,1,0,0,0,0,0,0,0,0,0,0,0,0,0,0],
                     [0,0,0,1,0,0,0,0,0,0,0,0,0,0,0,0,0,0],
                     [0,0,0,0,1,0,0,0,0,0,0,0,0,0,0,0,0,0],
                     [0,0,0,0,1,0,0,0,0,0,0,0,0,0,0,0,0,0]],
"dsgdb9nsd_133863": [[0,1,0,0,0,0,0,1,0,1,1,0,0,0,0,0,0,0,0,0,0],
                     [1,0,1,0,0,0,0,0,1,0,0,1,0,0,0,0,0,0,0,0,0],
                     [0,1,0,1,0,0,0,0,0,0,0,0,1,1,0,0,0,0,0,0,0],
                     [0,0,1,0,1,0,0,0,1,0,0,0,0,0,1,0,0,0,0,0,0],
                     [0,0,0,1,0,1,0,0,0,0,0,0,0,0,0,1,1,0,0,0,0],
                     [0,0,0,0,1,0,1,0,1,0,0,0,0,0,0,0,0,1,0,0,0],
                     [0,0,0,0,0,1,0,1,0,0,0,0,0,0,0,0,0,0,1,1,0],
                     [1,0,0,0,0,0,1,0,1,0,0,0,0,0,0,0,0,0,0,0,1],
                     [0,1,0,1,0,1,0,1,0,0,0,0,0,0,0,0,0,0,0,0,0],
                     [1,0,0,0,0,0,0,0,0,0,0,0,0,0,0,0,0,0,0,0,0],
                     [1,0,0,0,0,0,0,0,0,0,0,0,0,0,0,0,0,0,0,0,0],
                     [0,1,0,0,0,0,0,0,0,0,0,0,0,0,0,0,0,0,0,0,0],
                     [0,0,1,0,0,0,0,0,0,0,0,0,0,0,0,0,0,0,0,0,0],
                     [0,0,1,0,0,0,0,0,0,0,0,0,0,0,0,0,0,0,0,0,0],
                     [0,0,0,1,0,0,0,0,0,0,0,0,0,0,0,0,0,0,0,0,0],
                     [0,0,0,0,1,0,0,0,0,0,0,0,0,0,0,0,0,0,0,0,0],
                     [0,0,0,0,1,0,0,0,0,0,0,0,0,0,0,0,0,0,0,0,0],
                     [0,0,0,0,0,1,0,0,0,0,0,0,0,0,0,0,0,0,0,0,0],
                     [0,0,0,0,0,0,1,0,0,0,0,0,0,0,0,0,0,0,0,0,0],
                     [0,0,0,0,0,0,1,0,0,0,0,0,0,0,0,0,0,0,0,0,0],
                     [0,0,0,0,0,0,0,1,0,0,0,0,0,0,0,0,0,0,0,0,0]],
"dsgdb9nsd_038230": [[0,1,0,1,0,0,0,0,0,1,1,0,0,0,0,0,0,0],
                     [1,0,1,0,0,0,0,0,1,0,0,1,0,0,0,0,0,0],
                     [0,1,0,1,0,0,0,0,0,0,0,0,1,1,0,0,0,0],
                     [1,0,1,0,1,0,0,1,0,0,0,0,0,0,0,0,0,0],
                     [0,0,0,1,0,1,0,0,0,0,0,0,0,0,0,0,0,0],
                     [0,0,0,0,1,0,1,0,0,0,0,0,0,0,1,1,0,0],
                     [0,0,0,0,0,1,0,1,1,0,0,0,0,0,0,0,1,0],
                     [0,0,0,1,0,0,1,0,1,0,0,0,0,0,0,0,0,1],
                     [0,1,0,0,0,0,1,1,0,0,0,0,0,0,0,0,0,0],
                     [1,0,0,0,0,0,0,0,0,0,0,0,0,0,0,0,0,0],
                     [1,0,0,0,0,0,0,0,0,0,0,0,0,0,0,0,0,0],
                     [0,1,0,0,0,0,0,0,0,0,0,0,0,0,0,0,0,0],
                     [0,0,1,0,0,0,0,0,0,0,0,0,0,0,0,0,0,0],
                     [0,0,1,0,0,0,0,0,0,0,0,0,0,0,0,0,0,0],
                     [0,0,0,0,0,1,0,0,0,0,0,0,0,0,0,0,0,0],
                     [0,0,0,0,0,1,0,0,0,0,0,0,0,0,0,0,0,0],
                     [0,0,0,0,0,0,1,0,0,0,0,0,0,0,0,0,0,0],
                     [0,0,0,0,0,0,0,1,0,0,0,0,0,0,0,0,0,0]],
"dsgdb9nsd_128228": [[0,1,0,0,0,0,0,0,0,1,1,1,0,0],
                     [1,0,1,0,0,0,0,0,0,0,0,0,1,0],
                     [0,1,0,2,0,0,0,1,0,0,0,0,0,0],
                     [0,0,2,0,1,0,0,0,0,0,0,0,0,1],
                     [0,0,0,1,0,2,0,0,0,0,0,0,0,0],
                     [0,0,0,0,2,0,1,0,0,0,0,0,0,0],
                     [0,0,0,0,0,1,0,1,0,0,0,0,0,0],
                     [0,0,1,0,0,0,1,0,2,0,0,0,0,0],
                     [0,0,0,0,0,0,0,2,0,0,0,0,0,0],
                     [1,0,0,0,0,0,0,0,0,0,0,0,0,0],
                     [1,0,0,0,0,0,0,0,0,0,0,0,0,0],
                     [1,0,0,0,0,0,0,0,0,0,0,0,0,0],
                     [0,1,0,0,0,0,0,0,0,0,0,0,0,0],
                     [0,0,0,1,0,0,0,0,0,0,0,0,0,0]]}


