{"names": 
    ["gt15_3047fine3069",
     "gt16_3044fine3068",
     "gt18_3020",
     "gtA_174932_3015fine3042",
     "gtB_124323_2997",
     "gtC_091310_3010fine3025",
     "gtD_092424_3018fine3038",
     "gtE_114919_2823",
     "gtF_115725_2940",
     "gtG_120830_3001",
     "gtH_125215_3020",
     "gt15_J_3049",
     "gt14_K_3074"],
"output_file": "20190828_weird_blending_good_ones_9pick5_v3.csv",
"num_atom_types":[5,13,27],
"num_bond_types":[43,68,84],
"num_triplet_types":[29,118],
"num_quad_types":[62],
"gt15_3047fine3069_dir":        "model_H",
"gt16_3044fine3068_dir":        "model_I",
"gt18_3020_dir":                "model_L",
"gtA_174932_3015fine3042_dir":  "model_A",
"gtB_124323_2997_dir":          "model_F",
"gtC_091310_3010fine3025_dir":  "model_B",
"gtD_092424_3018fine3038_dir":  "model_C",
"gtE_114919_2823_dir":          "model_M",
"gtF_115725_2940_dir":          "model_G",
"gtG_120830_3001_dir":          "model_E",
"gtH_125215_3020_dir":          "model_D",
"gt15_J_3049_dir":              "model_J",
"gt14_K_3074_dir":              "model_K"
}
